{
    "ActionSound": "",
    "AutoUnlock": true,
    "Cards": [
        "{\n    \"UnitsInDeck\": 3,\n    \"Card\": \"curseoffragility\"\n}",
        "{\n    \"UnitsInDeck\": 3,\n    \"Card\": \"innercombustion\"\n}",
        "{\n    \"UnitsInDeck\": 2,\n    \"Card\": \"flare\"\n}",
        "{\n    \"UnitsInDeck\": 2,\n    \"Card\": \"curseofshadows\"\n}",
        "{\n    \"UnitsInDeck\": 2,\n    \"Card\": \"darkpact\"\n}",
        "{\n    \"UnitsInDeck\": 2,\n    \"Card\": \"searingtouch\"\n}",
        "{\n    \"UnitsInDeck\": 1,\n    \"Card\": \"royalmagehellfire\"\n}"
    ],
    "ChallengePack0": "Witch",
    "ChallengePack1": "Shadowmancer",
    "ChallengePack2": "Sorcerer",
    "ChallengePack3": "inferno",
    "ChallengePack4": "Wizard",
    "ChallengePack5": "enchanter",
    "ChallengePack6": "scribe ",
    "CharacterDescription": "Royal mage who is descending into darkness ",
    "CharacterDescriptionStrength": "This character excels at dark and fire",
    "CharacterName": "Hanshek",
    "Energy": 1,
    "EnergyTurn": 3,
    "Female": false,
    "FluffOffsetX": 0,
    "FluffOffsetY": 3.40000009536743,
    "HeroClass": "mage",
    "HeroClassSecondary": "none",
    "HitSound": "",
    "HP": 60,
    "ID": "royalmage",
    "Item": "royalmagedarkspellbook",
    "MaxHP": [
        0,
        5,
        5,
        5,
        5
    ],
    "OrderInList": 5,
    "ResistSlashing": 5,
    "ResistBlunt": 5,
    "ResistPiercing": 5,
    "ResistFire": 15,
    "ResistCold": 5,
    "ResistLightning": 5,
    "ResistHoly": 0,
    "ResistShadow": 15,
    "ResistMind": 5,
    "Speed": 11,
    "SpriteBorderLocked": "hanshekSilueta",
    "StickerBase": "",
    "StickerAngry": "",
    "StickerIndifferent": "",
    "StickerLove": "",
    "StickerSurprise": "",
    "StickerOffsetX": 0.100000001490116,
    "SubclassName": "royalmage",
    "Trait0": "royalmagetrait0",
    "Trait1A": "royalmagetrait1a",
    "Trait1B": "royalmagetrait1b",
    "Trait2A": "royalmagetrait2a",
    "Trait2B": "royalmagetrait2b",
    "Trait3A": "royalmagetrait3a",
    "Trait3B": "royalmagetrait3b",
    "Trait4A": "royalmagetrait4a",
    "Trait4B": "royalmagetrait4b",
    "CardsSingularity": [
        "royalmagehellfire",
        "curseoffragility",
        "innercombustion",
        "flare",
        "curseofshadows",
        "darkpact",
        "searingtouch",
        "curseofshadows",
        "lifetap",
        "ignite",
        "searingnova",
        "curseofexhaustion",
        "drainlife",
        "cauterize",
        "heatwave"
    ]
}